epoch,lr-AdamW,step,test/hr@10,test/hr@100,test/hr@200,test/hr@50,test/mrr,test/ndcg@10,test/ndcg@100,test/ndcg@200,test/ndcg@50,train/loss_epoch,train/loss_step,val/hr@10,val/hr@100,val/hr@200,val/hr@50,val/mrr,val/ndcg@10,val/ndcg@100,val/ndcg@200,val/ndcg@50
,0.001,49,,,,,,,,,,,,,,,,,,,,
0,,49,,,,,,,,,,,1.1597130298614502,,,,,,,,,
0,,75,,,,,,,,,,1.4515687227249146,,,,,,,,,,
,0.0009990232305719944,99,,,,,,,,,,,,,,,,,,,,
1,,99,,,,,,,,,,,1.0615651607513428,,,,,,,,,
,0.0009990232305719944,149,,,,,,,,,,,,,,,,,,,,
1,,149,,,,,,,,,,,0.9585590362548828,,,,,,,,,
1,,151,,,,,,,,,,,,0.04884105920791626,0.2682119309902191,0.3973509967327118,0.16721853613853455,0.023379400372505188,0.023634323850274086,0.06504599750041962,0.08307162672281265,0.04878130182623863
1,,151,,,,,,,,,,1.0244839191436768,,,,,,,,,,
,0.0009960967771506664,199,,,,,,,,,,,,,,,,,,,,
2,,199,,,,,,,,,,,0.8312669396400452,,,,,,,,,
2,,227,,,,,,,,,,0.8684465289115906,,,,,,,,,,
,0.0009912321891107007,249,,,,,,,,,,,,,,,,,,,,
3,,249,,,,,,,,,,,0.7472563982009888,,,,,,,,,
,0.0009912321891107007,299,,,,,,,,,,,,,,,,,,,,
3,,299,,,,,,,,,,,0.723874568939209,,,,,,,,,
3,,303,,,,,,,,,,,,0.1134105995297432,0.40149006247520447,0.5447019934654236,0.2731788158416748,0.05857360363006592,0.06388508528470993,0.11895019561052322,0.13892622292041779,0.09826304763555527
3,,303,,,,,,,,,,0.7668876647949219,,,,,,,,,,
,0.0009844486647586721,349,,,,,,,,,,,,,,,,,,,,
4,,349,,,,,,,,,,,0.7233150601387024,,,,,,,,,
4,,379,,,,,,,,,,0.7085948586463928,,,,,,,,,,
,0.0009757729755661009,399,,,,,,,,,,,,,,,,,,,,
5,,399,,,,,,,,,,,0.6501842737197876,,,,,,,,,
,0.0009757729755661009,449,,,,,,,,,,,,,,,,,,,,
5,,449,,,,,,,,,,,0.6834640502929688,,,,,,,,,
5,,455,,,,,,,,,,,,0.12913906574249268,0.45281457901000977,0.5960264801979065,0.33774834871292114,0.06762067973613739,0.07264509052038193,0.13670286536216736,0.1566341668367386,0.11806382983922958
5,,455,,,,,,,,,,0.6695168018341064,,,,,,,,,,
,0.0009652393605146842,499,,,,,,,,,,,,,,,,,,,,
6,,499,,,,,,,,,,,0.6513888835906982,,,,,,,,,
6,,531,,,,,,,,,,0.6397457718849182,,,,,,,,,,
,0.0009528893909706795,549,,,,,,,,,,,,,,,,,,,,
7,,549,,,,,,,,,,,0.5782245397567749,,,,,,,,,
,0.0009528893909706795,599,,,,,,,,,,,,,,,,,,,,
7,,599,,,,,,,,,,,0.6524320244789124,,,,,,,,,
7,,607,,,,,,,,,,,,0.159768208861351,0.48592716455459595,0.612582802772522,0.3617549538612366,0.07582978159189224,0.08625449240207672,0.14980387687683105,0.16757315397262573,0.12969954311847687
7,,607,,,,,,,,,,0.6157994866371155,,,,,,,,,,
,0.0009387718066217122,649,,,,,,,,,,,,,,,,,,,,
8,,649,,,,,,,,,,,0.5791693925857544,,,,,,,,,
8,,683,,,,,,,,,,0.5971776247024536,,,,,,,,,,
,0.0009229423231234972,699,,,,,,,,,,,,,,,,,,,,
9,,699,,,,,,,,,,,0.5566666126251221,,,,,,,,,
,0.0009229423231234972,749,,,,,,,,,,,,,,,,,,,,
9,,749,,,,,,,,,,,0.6257695555686951,,,,,,,,,
9,,759,,,,,,,,,,,,0.16721853613853455,0.5066224932670593,0.639072835445404,0.3642384111881256,0.07663124799728394,0.08804124593734741,0.1545487344264984,0.1730893850326538,0.13165715336799622
9,,759,,,,,,,,,,0.5817537903785706,,,,,,,,,,
,0.0009054634122155987,799,,,,,,,,,,,,,,,,,,,,
10,,799,,,,,,,,,,,0.561683177947998,,,,,,,,,
10,,835,,,,,,,,,,0.5699958801269531,,,,,,,,,,
,0.0008864040551740153,849,,,,,,,,,,,,,,,,,,,,
11,,849,,,,,,,,,,,0.6220263838768005,,,,,,,,,
,0.0008864040551740153,899,,,,,,,,,,,,,,,,,,,,
11,,899,,,,,,,,,,,0.5703169107437134,,,,,,,,,
11,,911,,,,,,,,,,,,0.16887417435646057,0.5182119011878967,0.6506622433662415,0.3882450461387634,0.07914947718381882,0.08954641968011856,0.15906448662281036,0.17758280038833618,0.13801927864551544
11,,911,,,,,,,,,,0.5581764578819275,,,,,,,,,,
,0.0008658394705735984,949,,,,,,,,,,,,,,,,,,,,
12,,949,,,,,,,,,,,0.5825608968734741,,,,,,,,,
12,,987,,,,,,,,,,0.5502138733863831,,,,,,,,,,
,0.0008438508174347006,999,,,,,,,,,,,,,,,,,,,,
13,,999,,,,,,,,,,,0.5295986533164978,,,,,,,,,
,0.0008438508174347006,1049,,,,,,,,,,,,,,,,,,,,
13,,1049,,,,,,,,,,,0.5713518261909485,,,,,,,,,
13,,1063,,,,,,,,,,,,0.17384105920791626,0.5231788158416748,0.6639072895050049,0.39486753940582275,0.07892102003097534,0.09102024883031845,0.15991076827049255,0.17959369719028473,0.13901668787002563
13,,1063,,,,,,,,,,0.5429645776748657,,,,,,,,,,
,0.000820524874925601,1099,,,,,,,,,,,,,,,,,,,,
14,,1099,,,,,,,,,,,0.5329720377922058,,,,,,,,,
14,,1139,,,,,,,,,,0.5365957021713257,,,,,,,,,,
,0.000795953699884774,1149,,,,,,,,,,,,,,,,,,,,
15,,1149,,,,,,,,,,,0.526624321937561,,,,,,,,,
,0.000795953699884774,1199,,,,,,,,,,,,,,,,,,,,
15,,1199,,,,,,,,,,,0.5342770218849182,,,,,,,,,
15,,1215,,,,,,,,,,,,0.17135761678218842,0.5347682237625122,0.6614238619804382,0.4023178815841675,0.07739471644163132,0.0888964906334877,0.16089725494384766,0.1786942332983017,0.13948501646518707
15,,1215,,,,,,,,,,0.5314479470252991,,,,,,,,,,
,0.000770234263514603,1249,,,,,,,,,,,,,,,,,,,,
16,,1249,,,,,,,,,,,0.5043631792068481,,,,,,,,,
16,,1291,,,,,,,,,,0.5251442193984985,,,,,,,,,,
,0.0007434680686803488,1299,,,,,,,,,,,,,,,,,,,,
17,,1299,,,,,,,,,,,0.5009446144104004,,,,,,,,,
,0.0007434680686803488,1349,,,,,,,,,,,,,,,,,,,,
17,,1349,,,,,,,,,,,0.48834970593452454,,,,,,,,,
17,,1367,,,,,,,,,,,,0.17798013985157013,0.5380794405937195,0.6597682237625122,0.39569535851478577,0.08102743327617645,0.09342602640390396,0.16423553228378296,0.18128643929958344,0.14101341366767883
17,,1367,,,,,,,,,,0.5214357972145081,,,,,,,,,,
,0.0007157607493247108,1399,,,,,,,,,,,,,,,,,,,,
18,,1399,,,,,,,,,,,0.5323096513748169,,,,,,,,,
18,,1443,,,,,,,,,,0.5167567729949951,,,,,,,,,,
,0.0006872216535789154,1449,,,,,,,,,,,,,,,,,,,,
19,,1449,,,,,,,,,,,0.48176291584968567,,,,,,,,,
,0.0006872216535789154,1499,,,,,,,,,,,,,,,,,,,,
19,,1499,,,,,,,,,,,0.5224222540855408,,,,,,,,,
19,,1519,,,,,,,,,,,,0.18294702470302582,0.5463576316833496,0.6589403748512268,0.40562912821769714,0.08010929822921753,0.09382979571819305,0.16527335345745087,0.18105317652225494,0.1423782855272293
19,,1519,,,,,,,,,,0.5125830769538879,,,,,,,,,,
,0.0006579634122155987,1549,,,,,,,,,,,,,,,,,,,,
20,,1549,,,,,,,,,,,0.500724732875824,,,,,,,,,
20,,1595,,,,,,,,,,0.5093086957931519,,,,,,,,,,
,0.0006281014941466028,1599,,,,,,,,,,,,,,,,,,,,
21,,1599,,,,,,,,,,,0.4937671422958374,,,,,,,,,
,0.0006281014941466028,1649,,,,,,,,,,,,,,,,,,,,
21,,1649,,,,,,,,,,,0.5106052756309509,,,,,,,,,
21,,1671,,,,,,,,,,,,0.17384105920791626,0.5587748289108276,0.6597682237625122,0.4147351086139679,0.08166132867336273,0.09270793199539185,0.1680333912372589,0.1821690946817398,0.14475803077220917
21,,1671,,,,,,,,,,0.5062257647514343,,,,,,,,,,
,0.0005977537507199335,1699,,,,,,,,,,,,,,,,,,,,
22,,1699,,,,,,,,,,,0.4896959066390991,,,,,,,,,
22,,1747,,,,,,,,,,0.5034927725791931,,,,,,,,,,
,0.0005670399506143305,1749,,,,,,,,,,,,,,,,,,,,
23,,1749,,,,,,,,,,,0.5001446008682251,,,,,,,,,
,0.0005670399506143305,1799,,,,,,,,,,,,,,,,,,,,
23,,1799,,,,,,,,,,,0.4888610541820526,,,,,,,,,
23,,1823,,,,,,,,,,,,0.18046358227729797,0.5529801249504089,0.6630794405937195,0.4213576018810272,0.0804114043712616,0.09348219633102417,0.1666211634874344,0.18198777735233307,0.14527055621147156
23,,1823,,,,,,,,,,0.5002479553222656,,,,,,,,,,
,0.0005360813071670099,1849,,,,,,,,,,,,,,,,,,,,
24,,1849,,,,,,,,,,,0.5122197270393372,,,,,,,,,
,0.0005360813071670099,1899,,,,,,,,,,,,,,,,,,,,
24,,1899,,,,,,,,,,,0.4591560661792755,,,,,,,,,
24,,1899,,,,,,,,,,0.4979341924190521,,,,,,,,,,
,0.0005049999999999998,1949,,,,,,,,,,,,,,,,,,,,
25,,1949,,,,,,,,,,,0.5001587271690369,,,,,,,,,
25,,1975,,,,,,,,,,,,0.18377482891082764,0.5521523356437683,0.6597682237625122,0.41721853613853455,0.0826982632279396,0.09590715169906616,0.16842025518417358,0.18361219763755798,0.146525040268898
25,,1975,,,,,,,,,,0.4966559410095215,,,,,,,,,,
,0.0004739186928329897,1999,,,,,,,,,,,,,,,,,,,,
26,,1999,,,,,,,,,,,0.4689827263355255,,,,,,,,,
,0.0004739186928329897,2049,,,,,,,,,,,,,,,,,,,,
26,,2049,,,,,,,,,,,0.5242420434951782,,,,,,,,,
26,,2051,,,,,,,,,,0.49394771456718445,,,,,,,,,,
,0.0004429600493856692,2099,,,,,,,,,,,,,,,,,,,,
27,,2099,,,,,,,,,,,0.48338544368743896,,,,,,,,,
27,,2127,,,,,,,,,,,,0.1754966825246811,0.565397322177887,0.6697019934654236,0.42218542098999023,0.0832243263721466,0.09416308254003525,0.17069463431835175,0.1851806640625,0.14745233952999115
27,,2127,,,,,,,,,,0.4921990633010864,,,,,,,,,,
,0.0004122462492800661,2149,,,,,,,,,,,,,,,,,,,,
28,,2149,,,,,,,,,,,0.5044156312942505,,,,,,,,,
,0.0004122462492800661,2199,,,,,,,,,,,,,,,,,,,,
28,,2199,,,,,,,,,,,0.486868292093277,,,,,,,,,
28,,2203,,,,,,,,,,0.4898240566253662,,,,,,,,,,
,0.0003818985058533967,2249,,,,,,,,,,,,,,,,,,,,
29,,2249,,,,,,,,,,,0.5042627453804016,,,,,,,,,
29,,2279,,,,,,,,,,,,0.17466887831687927,0.5637417435646057,0.6713576316833496,0.4263245165348053,0.08008474111557007,0.09137443453073502,0.16839371621608734,0.18338723480701447,0.1461244374513626
29,,2279,,,,,,,,,,0.4889973998069763,,,,,,,,,,
,0.00035203658778440103,2299,,,,,,,,,,,,,,,,,,,,
30,,2299,,,,,,,,,,,0.4634731113910675,,,,,,,,,
,0.00035203658778440103,2349,,,,,,,,,,,,,,,,,,,,
30,,2349,,,,,,,,,,,0.46264907717704773,,,,,,,,,
30,,2355,,,,,,,,,,0.48668307065963745,,,,,,,,,,
,0.00032277834642108444,2399,,,,,,,,,,,,,,,,,,,,
31,,2399,,,,,,,,,,,0.4838923513889313,,,,,,,,,
31,,2431,,,,,,,,,,,,0.1870860904455185,0.559602677822113,0.6672185659408569,0.42798012495040894,0.08233918994665146,0.0964684784412384,0.16984684765338898,0.18495994806289673,0.14849507808685303
31,,2431,,,,,,,,,,0.48504871129989624,,,,,,,,,,
,0.0002942392506752889,2449,,,,,,,,,,,,,,,,,,,,
32,,2449,,,,,,,,,,,0.43231117725372314,,,,,,,,,
,0.0002942392506752889,2499,,,,,,,,,,,,,,,,,,,,
32,,2499,,,,,,,,,,,0.5123883485794067,,,,,,,,,
32,,2507,,,,,,,,,,0.4831799566745758,,,,,,,,,,
,0.00026653193131965077,2549,,,,,,,,,,,,,,,,,,,,
33,,2549,,,,,,,,,,,0.48717743158340454,,,,,,,,,
33,,2583,,,,,,,,,,,,0.18377482891082764,0.5620861053466797,0.6680463552474976,0.42880794405937195,0.08284877985715866,0.09574949741363525,0.1705753058195114,0.18542291224002838,0.14894123375415802
33,,2583,,,,,,,,,,0.48218029737472534,,,,,,,,,,
,0.00023976573648539642,2599,,,,,,,,,,,,,,,,,,,,
34,,2599,,,,,,,,,,,0.4853096008300781,,,,,,,,,
,0.00023976573648539642,2649,,,,,,,,,,,,,,,,,,,,
34,,2649,,,,,,,,,,,0.49804821610450745,,,,,,,,,
34,,2659,,,,,,,,,,0.48135650157928467,,,,,,,,,,
,0.00021404630011522574,2699,,,,,,,,,,,,,,,,,,,,
35,,2699,,,,,,,,,,,0.4757537245750427,,,,,,,,,
35,,2735,,,,,,,,,,,,0.1879139095544815,0.5662251710891724,0.6754966974258423,0.430463582277298,0.08316875994205475,0.09736036509275436,0.17133472859859467,0.18656983971595764,0.14931677281856537
35,,2735,,,,,,,,,,0.4798032343387604,,,,,,,,,,
,0.00018947512507439847,2749,,,,,,,,,,,,,,,,,,,,
36,,2749,,,,,,,,,,,0.4924917221069336,,,,,,,,,
,0.00018947512507439847,2799,,,,,,,,,,,,,,,,,,,,
36,,2799,,,,,,,,,,,0.49680420756340027,,,,,,,,,
36,,2811,,,,,,,,,,0.4787692129611969,,,,,,,,,,
,0.000166149182565299,2849,,,,,,,,,,,,,,,,,,,,
37,,2849,,,,,,,,,,,0.48984938859939575,,,,,,,,,
37,,2887,,,,,,,,,,,,0.18956953287124634,0.570364236831665,0.6721854209899902,0.42963576316833496,0.08272580057382584,0.09741159528493881,0.17176368832588196,0.18599872291088104,0.14892631769180298
37,,2887,,,,,,,,,,0.4778232276439667,,,,,,,,,,
,0.00014416052942640132,2899,,,,,,,,,,,,,,,,,,,,
38,,2899,,,,,,,,,,,0.4849129319190979,,,,,,,,,
,0.00014416052942640132,2949,,,,,,,,,,,,,,,,,,,,
38,,2949,,,,,,,,,,,0.48640552163124084,,,,,,,,,
38,,2963,,,,,,,,,,0.47641006112098694,,,,,,,,,,
,0.00012359594482598432,2999,,,,,,,,,,,,,,,,,,,,
39,,2999,,,,,,,,,,,0.49675872921943665,,,,,,,,,
39,,3039,,,,,,,,,,,,0.18460264801979065,0.5637417435646057,0.6754966974258423,0.4362582862377167,0.08375044167041779,0.09667100757360458,0.17179277539253235,0.18741364777088165,0.1510694921016693
39,,3039,,,,,,,,,,0.4759196639060974,,,,,,,,,,
,0.00010453658778440102,3049,,,,,,,,,,,,,,,,,,,,
40,,3049,,,,,,,,,,,0.5130273699760437,,,,,,,,,
,0.00010453658778440102,3099,,,,,,,,,,,,,,,,,,,,
40,,3099,,,,,,,,,,,0.4597388803958893,,,,,,,,,
40,,3115,,,,,,,,,,0.4741519093513489,,,,,,,,,,
,8.70576768765026e-05,3149,,,,,,,,,,,,,,,,,,,,
41,,3149,,,,,,,,,,,0.4754108488559723,,,,,,,,,
41,,3191,,,,,,,,,,,,0.18543046712875366,0.5662251710891724,0.6754966974258423,0.4370861053466797,0.08337798714637756,0.09654185175895691,0.1718204766511917,0.1870824247598648,0.1508907675743103
41,,3191,,,,,,,,,,0.4739942252635956,,,,,,,,,,
,7.12281933782875e-05,3199,,,,,,,,,,,,,,,,,,,,
42,,3199,,,,,,,,,,,0.4403872489929199,,,,,,,,,
,7.12281933782875e-05,3249,,,,,,,,,,,,,,,,,,,,
42,,3249,,,,,,,,,,,0.48809874057769775,,,,,,,,,
42,,3267,,,,,,,,,,0.4732350707054138,,,,,,,,,,
,5.71106090293204e-05,3299,,,,,,,,,,,,,,,,,,,,
43,,3299,,,,,,,,,,,0.4593193829059601,,,,,,,,,
43,,3343,,,,,,,,,,,,0.18377482891082764,0.568708598613739,0.6730132699012756,0.43956953287124634,0.08437304198741913,0.09687045961618423,0.17292606830596924,0.18750035762786865,0.15204915404319763
43,,3343,,,,,,,,,,0.4728492498397827,,,,,,,,,,
,4.4760639485315563e-05,3349,,,,,,,,,,,,,,,,,,,,
44,,3349,,,,,,,,,,,0.48147258162498474,,,,,,,,,
,4.4760639485315563e-05,3399,,,,,,,,,,,,,,,,,,,,
44,,3399,,,,,,,,,,,0.4781673550605774,,,,,,,,,
44,,3419,,,,,,,,,,0.4734531044960022,,,,,,,,,,
,3.422702443389899e-05,3449,,,,,,,,,,,,,,,,,,,,
45,,3449,,,,,,,,,,,0.4502371549606323,,,,,,,,,
45,,3495,,,,,,,,,,,,0.18460264801979065,0.567052960395813,0.6730132699012756,0.43460264801979065,0.08393140882253647,0.0967516079545021,0.17236238718032837,0.1871699094772339,0.15083982050418854
45,,3495,,,,,,,,,,0.471687912940979,,,,,,,,,,
,2.5551335241327665e-05,3499,,,,,,,,,,,,,,,,,,,,
46,,3499,,,,,,,,,,,0.5032860636711121,,,,,,,,,
,2.5551335241327665e-05,3549,,,,,,,,,,,,,,,,,,,,
46,,3549,,,,,,,,,,,0.47261959314346313,,,,,,,,,
46,,3571,,,,,,,,,,0.47198086977005005,,,,,,,,,,
,1.876781088929908e-05,3599,,,,,,,,,,,,,,,,,,,,
47,,3599,,,,,,,,,,,0.4665662944316864,,,,,,,,,
47,,3647,,,,,,,,,,,,0.18543046712875366,0.5645695328712463,0.6721854209899902,0.4329470098018646,0.08314085751771927,0.09633223712444305,0.1714089810848236,0.18648764491081238,0.14996257424354553
47,,3647,,,,,,,,,,0.47105929255485535,,,,,,,,,,
,1.3903222849333505e-05,3649,,,,,,,,,,,,,,,,,,,,
48,,3649,,,,,,,,,,,0.4578898251056671,,,,,,,,,
,1.3903222849333505e-05,3699,,,,,,,,,,,,,,,,,,,,
48,,3699,,,,,,,,,,,0.4360899031162262,,,,,,,,,
48,,3723,,,,,,,,,,0.47108134627342224,,,,,,,,,,
,1.0976769428005579e-05,3749,,,,,,,,,,,,,,,,,,,,
49,,3749,,,,,,,,,,,0.49841243028640747,,,,,,,,,
,1.0976769428005579e-05,3799,,,,,,,,,,,,,,,,,,,,
49,,3799,,,,,,,,,,,0.5091911554336548,,,,,,,,,
49,,3799,,,,,,,,,,,,0.18625827133655548,0.565397322177887,0.6730132699012756,0.4321191906929016,0.08359065651893616,0.09696764498949051,0.17186515033245087,0.18692828714847565,0.15013423562049866
49,,3799,,,,,,,,,,0.4706597328186035,,,,,,,,,,
,1e-05,3849,,,,,,,,,,,,,,,,,,,,
50,,3849,,,,,,,,,,,0.4690721035003662,,,,,,,,,
50,,3875,,,,,,,,,,0.4716947376728058,,,,,,,,,,
,1.0976769428005579e-05,3899,,,,,,,,,,,,,,,,,,,,
51,,3899,,,,,,,,,,,0.44955214858055115,,,,,,,,,
,1.0976769428005579e-05,3949,,,,,,,,,,,,,,,,,,,,
51,,3949,,,,,,,,,,,0.46616628766059875,,,,,,,,,
51,,3951,,,,,,,,,,,,0.18625827133655548,0.5662251710891724,0.6730132699012756,0.4329470098018646,0.08335822820663452,0.0967625230550766,0.17176790535449982,0.18670588731765747,0.15006527304649353
51,,3951,,,,,,,,,,0.47059595584869385,,,,,,,,,,
,1.3903222849333451e-05,3999,,,,,,,,,,,,,,,,,,,,
52,,3999,,,,,,,,,,,0.4831143021583557,,,,,,,,,
52,,4027,,,,,,,,,,0.47111836075782776,,,,,,,,,,
,1.8767810889299133e-05,4049,,,,,,,,,,,,,,,,,,,,
53,,4049,,,,,,,,,,,0.4670937955379486,,,,,,,,,
,1.8767810889299133e-05,4099,,,,,,,,,,,,,,,,,,,,
53,,4099,,,,,,,,,,,0.49733859300613403,,,,,,,,,
53,,4103,,,,,,,,,,,,0.18294702470302582,0.5678808093070984,0.6738410592079163,0.43543046712875366,0.08346302062273026,0.09586437791585922,0.17210032045841217,0.18689550459384918,0.15060147643089294
53,,4103,,,,,,,,,,0.47054553031921387,,,,,,,,,,
,2.555133524132755e-05,4149,,,,,,,,,,,,,,,,,,,,
54,,4149,,,,,,,,,,,0.49143144488334656,,,,,,,,,
54,,4179,,,,,,,,,,0.47087836265563965,,,,,,,,,,
,3.422702443389893e-05,4199,,,,,,,,,,,,,,,,,,,,
55,,4199,,,,,,,,,,,0.4527202546596527,,,,,,,,,
,3.422702443389893e-05,4249,,,,,,,,,,,,,,,,,,,,
55,,4249,,,,,,,,,,,0.47815996408462524,,,,,,,,,
55,,4255,,,,,,,,,,,,0.18543046712875366,0.565397322177887,0.6730132699012756,0.4362582862377167,0.08365599811077118,0.09669757634401321,0.17181234061717987,0.18687252700328827,0.1508384793996811
55,,4255,,,,,,,,,,0.4713475704193115,,,,,,,,,,
,4.47606394853155e-05,4299,,,,,,,,,,,,,,,,,,,,
56,,4299,,,,,,,,,,,0.4913589060306549,,,,,,,,,
56,,4331,,,,,,,,,,0.47240257263183594,,,,,,,,,,
,5.711060902932022e-05,4349,,,,,,,,,,,,,,,,,,,,
57,,4349,,,,,,,,,,,0.5047853589057922,,,,,,,,,
,5.711060902932022e-05,4399,,,,,,,,,,,,,,,,,,,,
57,,4399,,,,,,,,,,,0.46892866492271423,,,,,,,,,
57,,4407,,,,,,,,,,,,0.18543046712875366,0.5620861053466797,0.6713576316833496,0.4387417137622833,0.08384936302900314,0.09690076112747192,0.17144577205181122,0.18679971992969513,0.15139618515968323
57,,4407,,,,,,,,,,0.4721706509590149,,,,,,,,,,
,7.122819337828753e-05,4449,,,,,,,,,,,,,,,,,,,,
58,,4449,,,,,,,,,,,0.4798297882080078,,,,,,,,,
58,,4483,,,,,,,,,,0.47173845767974854,,,,,,,,,,
,8.705767687650243e-05,4499,,,,,,,,,,,,,,,,,,,,
59,,4499,,,,,,,,,,,0.4680655002593994,,,,,,,,,
,8.705767687650243e-05,4549,,,,,,,,,,,,,,,,,,,,
59,,4549,,,,,,,,,,,0.47150254249572754,,,,,,,,,
59,,4559,,,,,,,,,,,,0.18874172866344452,0.5645695328712463,0.6738410592079163,0.43543046712875366,0.08457618951797485,0.09831921011209488,0.1725476086139679,0.1878294199705124,0.1515296995639801
59,,4559,,,,,,,,,,0.4726375639438629,,,,,,,,,,
,0.00010453658778440077,4599,,,,,,,,,,,,,,,,,,,,
60,,4599,,,,,,,,,,,0.5052836537361145,,,,,,,,,
60,,4635,,,,,,,,,,0.47310566902160645,,,,,,,,,,
,0.00012359594482598424,4649,,,,,,,,,,,,,,,,,,,,
61,,4649,,,,,,,,,,,0.4725177586078644,,,,,,,,,
,0.00012359594482598424,4699,,,,,,,,,,,,,,,,,,,,
61,,4699,,,,,,,,,,,0.4994155466556549,,,,,,,,,
61,,4711,,,,,,,,,,,,0.18874172866344452,0.567052960395813,0.6738410592079163,0.43377482891082764,0.08309556543827057,0.09719761461019516,0.17161984741687775,0.18654799461364746,0.1499711126089096
61,,4711,,,,,,,,,,0.47304627299308777,,,,,,,,,,
,0.00014416052942640108,4749,,,,,,,,,,,,,,,,,,,,
62,,4749,,,,,,,,,,,0.46849435567855835,,,,,,,,,
62,,4787,,,,,,,,,,0.4733840823173523,,,,,,,,,,
,0.00016614918256529902,4799,,,,,,,,,,,,,,,,,,,,
63,,4799,,,,,,,,,,,0.4920301139354706,,,,,,,,,
,0.00016614918256529902,4849,,,,,,,,,,,,,,,,,,,,
63,,4849,,,,,,,,,,,0.4772585928440094,,,,,,,,,
63,,4863,,,,,,,,,,,,0.17880794405937195,0.5645695328712463,0.6713576316833496,0.4329470098018646,0.08275338262319565,0.09429444372653961,0.17073868215084076,0.18569178879261017,0.14936959743499756
63,,4863,,,,,,,,,,0.47366297245025635,,,,,,,,,,
,0.00018947512507439852,4899,,,,,,,,,,,,,,,,,,,,
64,,4899,,,,,,,,,,,0.447380930185318,,,,,,,,,
64,,4939,,,,,,,,,,0.473502516746521,,,,,,,,,,
,0.00021404630011522558,4949,,,,,,,,,,,,,,,,,,,,
65,,4949,,,,,,,,,,,0.4699438214302063,,,,,,,,,
,0.00021404630011522558,4999,,,,,,,,,,,,,,,,,,,,
65,,4999,,,,,,,,,,,0.4809180200099945,,,,,,,,,
65,,5015,,,,,,,,,,,,0.18377482891082764,0.5637417435646057,0.6730132699012756,0.44122517108917236,0.08332079648971558,0.09589006751775742,0.171073779463768,0.18638424575328827,0.15118859708309174
65,,5015,,,,,,,,,,0.47518572211265564,,,,,,,,,,
,0.00023976573648539664,5049,,,,,,,,,,,,,,,,,,,,
66,,5049,,,,,,,,,,,0.48357072472572327,,,,,,,,,
66,,5091,,,,,,,,,,0.47463464736938477,,,,,,,,,,
,0.00026653193131965077,5099,,,,,,,,,,,,,,,,,,,,
67,,5099,,,,,,,,,,,0.48537677526474,,,,,,,,,
,0.00026653193131965077,5149,,,,,,,,,,,,,,,,,,,,
67,,5149,,,,,,,,,,,0.514122486114502,,,,,,,,,
67,,5167,,,,,,,,,,,,0.18543046712875366,0.5604304671287537,0.6697019934654236,0.43377482891082764,0.08403460681438446,0.09695076197385788,0.17113839089870453,0.186494380235672,0.15048980712890625
67,,5167,,,,,,,,,,0.47539329528808594,,,,,,,,,,
,0.000294239250675289,5199,,,,,,,,,,,,,,,,,,,,
68,,5199,,,,,,,,,,,0.44813016057014465,,,,,,,,,
68,,5243,,,,,,,,,,0.476193904876709,,,,,,,,,,
,0.0003227783464210842,5249,,,,,,,,,,,,,,,,,,,,
69,,5249,,,,,,,,,,,0.43587806820869446,,,,,,,,,
,0.0003227783464210842,5299,,,,,,,,,,,,,,,,,,,,
69,,5299,,,,,,,,,,,0.4508802890777588,,,,,,,,,
69,,5319,,,,,,,,,,,,0.17963576316833496,0.5662251710891724,0.6763244867324829,0.4370861053466797,0.08276534080505371,0.09403824806213379,0.17138148844242096,0.18681228160858154,0.15034662187099457
69,,5319,,,,,,,,,,0.4766387939453125,,,,,,,,,,
,0.00035203658778440065,5349,,,,,,,,,,,,,,,,,,,,
70,,5349,,,,,,,,,,,0.47983986139297485,,,,,,,,,
70,,5395,,,,,,,,,,0.47642749547958374,,,,,,,,,,
,0.00038189850585339675,5399,,,,,,,,,,,,,,,,,,,,
71,,5399,,,,,,,,,,,0.48247388005256653,,,,,,,,,
,0.00038189850585339675,5449,,,,,,,,,,,,,,,,,,,,
71,,5449,,,,,,,,,,,0.5190896391868591,,,,,,,,,
71,,5471,,,,,,,,,,,,0.18377482891082764,0.570364236831665,0.6779801249504089,0.43956953287124634,0.08434011787176132,0.09654182195663452,0.17321203649044037,0.1882248967885971,0.1518789827823639
71,,5471,,,,,,,,,,0.47728222608566284,,,,,,,,,,
,0.000412246249280066,5499,,,,,,,,,,,,,,,,,,,,
72,,5499,,,,,,,,,,,0.5092630982398987,,,,,,,,,
72,,5547,,,,,,,,,,0.4767221510410309,,,,,,,,,,
,0.00044296004938566884,5549,,,,,,,,,,,,,,,,,,,,
73,,5549,,,,,,,,,,,0.42491114139556885,,,,,,,,,
,0.00044296004938566884,5599,,,,,,,,,,,,,,,,,,,,
73,,5599,,,,,,,,,,,0.45162224769592285,,,,,,,,,
73,,5623,,,,,,,,,,,,0.18377482891082764,0.5720198750495911,0.6862582564353943,0.4420529901981354,0.08598097413778305,0.0978669673204422,0.17448648810386658,0.19040702283382416,0.15340042114257812
73,,5623,,,,,,,,,,0.47767385840415955,,,,,,,,,,
,0.0004739186928329896,5649,,,,,,,,,,,,,,,,,,,,
74,,5649,,,,,,,,,,,0.5110799670219421,,,,,,,,,
,0.0004739186928329896,5699,,,,,,,,,,,,,,,,,,,,
74,,5699,,,,,,,,,,,0.44337180256843567,,,,,,,,,
74,,5699,,,,,,,,,,0.47787803411483765,,,,,,,,,,
,0.0005049999999999995,5749,,,,,,,,,,,,,,,,,,,,
75,,5749,,,,,,,,,,,0.5036025047302246,,,,,,,,,
75,,5775,,,,,,,,,,,,0.18543046712875366,0.5711920261383057,0.6887417435646057,0.4329470098018646,0.08840078115463257,0.10031801462173462,0.1762194037437439,0.19257602095603943,0.15378521382808685
75,,5775,,,,,,,,,,0.47763460874557495,,,,,,,,,,
,0.0005360813071670094,5799,,,,,,,,,,,,,,,,,,,,
76,,5799,,,,,,,,,,,0.41885906457901,,,,,,,,,
,0.0005360813071670094,5849,,,,,,,,,,,,,,,,,,,,
76,,5849,,,,,,,,,,,0.4864059090614319,,,,,,,,,
76,,5851,,,,,,,,,,0.4775080382823944,,,,,,,,,,
,0.0005670399506143302,5899,,,,,,,,,,,,,,,,,,,,
77,,5899,,,,,,,,,,,0.5196541547775269,,,,,,,,,
77,,5927,,,,,,,,,,,,0.18377482891082764,0.570364236831665,0.6862582564353943,0.430463582277298,0.0857943668961525,0.09754104167222977,0.17418400943279266,0.19031499326229095,0.151381716132164
77,,5927,,,,,,,,,,0.47781655192375183,,,,,,,,,,
,0.0005977537507199331,5949,,,,,,,,,,,,,,,,,,,,
78,,5949,,,,,,,,,,,0.48479145765304565,,,,,,,,,
,0.0005977537507199331,5999,,,,,,,,,,,,,,,,,,,,
78,,5999,,,,,,,,,,,0.49934643507003784,,,,,,,,,
78,,6003,,,,,,,,,,0.4779430031776428,,,,,,,,,,
,0.0006281014941466026,6049,,,,,,,,,,,,,,,,,,,,
79,,6049,,,,,,,,,,,0.46434485912323,,,,,,,,,
79,,6079,,,,,,,,,,,,0.1937086135149002,0.567052960395813,0.6837748289108276,0.44039735198020935,0.0852108895778656,0.09964919090270996,0.173463374376297,0.18980960547924042,0.15288516879081726
79,,6079,,,,,,,,,,0.47814351320266724,,,,,,,,,,
,0.0006579634122155983,6099,,,,,,,,,,,,,,,,,,,,
80,,6099,,,,,,,,,,,0.4895276427268982,,,,,,,,,
,0.0006579634122155983,6149,,,,,,,,,,,,,,,,,,,,
80,,6149,,,,,,,,,,,0.4828924536705017,,,,,,,,,
80,,6155,,,,,,,,,,0.4779287576675415,,,,,,,,,,
,0.0006872216535789147,6199,,,,,,,,,,,,,,,,,,,,
81,,6199,,,,,,,,,,,0.45991790294647217,,,,,,,,,
81,,6231,,,,,,,,,,,,0.17798013985157013,0.5736755132675171,0.6771523356437683,0.443708598613739,0.08669096976518631,0.09669123589992523,0.175282821059227,0.18976347148418427,0.1542293131351471
81,,6231,,,,,,,,,,0.4778591990470886,,,,,,,,,,
,0.00071576074932471,6249,,,,,,,,,,,,,,,,,,,,
82,,6249,,,,,,,,,,,0.5003578662872314,,,,,,,,,
,0.00071576074932471,6299,,,,,,,,,,,,,,,,,,,,
82,,6299,,,,,,,,,,,0.5054307579994202,,,,,,,,,
82,,6307,,,,,,,,,,0.47819003462791443,,,,,,,,,,
,0.0007434680686803487,6349,,,,,,,,,,,,,,,,,,,,
83,,6349,,,,,,,,,,,0.4933253526687622,,,,,,,,,
83,,6383,,,,,,,,,,,,0.18956953287124634,0.5753311514854431,0.6862582564353943,0.44039735198020935,0.08537723124027252,0.09871677309274673,0.1747509390115738,0.19025443494319916,0.15279148519039154
83,,6383,,,,,,,,,,0.47736626863479614,,,,,,,,,,
,0.0007702342635146029,6399,,,,,,,,,,,,,,,,,,,,
84,,6399,,,,,,,,,,,0.43515631556510925,,,,,,,,,
,0.0007702342635146029,6449,,,,,,,,,,,,,,,,,,,,
84,,6449,,,,,,,,,,,0.4480738937854767,,,,,,,,,
84,,6459,,,,,,,,,,0.4758491814136505,,,,,,,,,,
,0.0007959536998847737,6499,,,,,,,,,,,,,,,,,,,,
85,,6499,,,,,,,,,,,0.47924479842185974,,,,,,,,,
85,,6535,,,,,,,,,,,,0.18294702470302582,0.568708598613739,0.6763244867324829,0.44122517108917236,0.08763926476240158,0.09887006133794785,0.17581528425216675,0.19092729687690735,0.15511079132556915
85,,6535,,,,,,,,,,0.47691288590431213,,,,,,,,,,
,0.0008205248749256007,6549,,,,,,,,,,,,,,,,,,,,
86,,6549,,,,,,,,,,,0.4570702016353607,,,,,,,,,
,0.0008205248749256007,6599,,,,,,,,,,,,,,,,,,,,
86,,6599,,,,,,,,,,,0.4721932113170624,,,,,,,,,
86,,6611,,,,,,,,,,0.475720077753067,,,,,,,,,,
,0.0008438508174347,6649,,,,,,,,,,,,,,,,,,,,
87,,6649,,,,,,,,,,,0.4935157895088196,,,,,,,,,
87,,6687,,,,,,,,,,,,0.18046358227729797,0.5778145790100098,0.6804635524749756,0.45281457901000977,0.08830223232507706,0.09826018661260605,0.1774831861257553,0.19189278781414032,0.15710066258907318
87,,6687,,,,,,,,,,0.47554126381874084,,,,,,,,,,
,0.0008658394705735981,6699,,,,,,,,,,,,,,,,,,,,
88,,6699,,,,,,,,,,,0.4869994521141052,,,,,,,,,
,0.0008658394705735981,6749,,,,,,,,,,,,,,,,,,,,
88,,6749,,,,,,,,,,,0.4501070976257324,,,,,,,,,
88,,6763,,,,,,,,,,0.47506439685821533,,,,,,,,,,
,0.0008864040551740152,6799,,,,,,,,,,,,,,,,,,,,
89,,6799,,,,,,,,,,,0.48162102699279785,,,,,,,,,
89,,6839,,,,,,,,,,,,0.1870860904455185,0.5794702172279358,0.6854304671287537,0.443708598613739,0.0847543329000473,0.09746582806110382,0.17533065378665924,0.1901399940252304,0.15321314334869385
89,,6839,,,,,,,,,,0.47464680671691895,,,,,,,,,,
,0.0009054634122155985,6849,,,,,,,,,,,,,,,,,,,,
90,,6849,,,,,,,,,,,0.48995673656463623,,,,,,,,,
,0.0009054634122155985,6899,,,,,,,,,,,,,,,,,,,,
90,,6899,,,,,,,,,,,0.47171008586883545,,,,,,,,,
90,,6915,,,,,,,,,,0.47377848625183105,,,,,,,,,,
,0.0009229423231234969,6949,,,,,,,,,,,,,,,,,,,,
91,,6949,,,,,,,,,,,0.48632052540779114,,,,,,,,,
91,,6991,,,,,,,,,,,,0.18294702470302582,0.5728476643562317,0.6788079738616943,0.4495033025741577,0.08621122688055038,0.09752757102251053,0.17513613402843475,0.19004277884960175,0.15506765246391296
91,,6991,,,,,,,,,,0.47383591532707214,,,,,,,,,,
,0.0009387718066217117,6999,,,,,,,,,,,,,,,,,,,,
92,,6999,,,,,,,,,,,0.4478081464767456,,,,,,,,,
,0.0009387718066217117,7049,,,,,,,,,,,,,,,,,,,,
92,,7049,,,,,,,,,,,0.5573397874832153,,,,,,,,,
92,,7067,,,,,,,,,,0.4723969101905823,,,,,,,,,,
,0.000952889390970679,7099,,,,,,,,,,,,,,,,,,,,
93,,7099,,,,,,,,,,,0.4458578824996948,,,,,,,,,
93,,7143,,,,,,,,,,,,0.18625827133655548,0.5836092829704285,0.6870861053466797,0.4486754834651947,0.08751397579908371,0.09931965172290802,0.17820300161838531,0.19262194633483887,0.15623746812343597
93,,7143,,,,,,,,,,0.4726236164569855,,,,,,,,,,
,0.0009652393605146838,7149,,,,,,,,,,,,,,,,,,,,
94,,7149,,,,,,,,,,,0.4925213158130646,,,,,,,,,
,0.0009652393605146838,7199,,,,,,,,,,,,,,,,,,,,
94,,7199,,,,,,,,,,,0.48235341906547546,,,,,,,,,
94,,7219,,,,,,,,,,0.4721601903438568,,,,,,,,,,
,0.0009757729755661003,7249,,,,,,,,,,,,,,,,,,,,
95,,7249,,,,,,,,,,,0.45641905069351196,,,,,,,,,
95,,7295,,,,,,,,,,,,0.19039735198020935,0.5736755132675171,0.6895695328712463,0.44701987504959106,0.09435787796974182,0.10562393069267273,0.1819520890712738,0.19816404581069946,0.1613655686378479
95,,7295,,,,,,,,,,0.47079989314079285,,,,,,,,,,
,0.0009844486647586715,7299,,,,,,,,,,,,,,,,,,,,
96,,7299,,,,,,,,,,,0.4894643723964691,,,,,,,,,
,0.0009844486647586715,7349,,,,,,,,,,,,,,,,,,,,
96,,7349,,,,,,,,,,,0.4627968966960907,,,,,,,,,
96,,7371,,,,,,,,,,0.4697810411453247,,,,,,,,,,
,0.0009912321891107,7399,,,,,,,,,,,,,,,,,,,,
97,,7399,,,,,,,,,,,0.4673067331314087,,,,,,,,,
97,,7447,,,,,,,,,,,,0.1821192055940628,0.5910596251487732,0.6887417435646057,0.45198675990104675,0.0905013456940651,0.10002092272043228,0.18195411562919617,0.19562938809394836,0.15940874814987183
97,,7447,,,,,,,,,,0.470234751701355,,,,,,,,,,
,0.0009960967771506656,7449,,,,,,,,,,,,,,,,,,,,
98,,7449,,,,,,,,,,,0.44378384947776794,,,,,,,,,
,0.0009960967771506656,7499,,,,,,,,,,,,,,,,,,,,
98,,7499,,,,,,,,,,,0.4752335846424103,,,,,,,,,
98,,7523,,,,,,,,,,0.4692290723323822,,,,,,,,,,
,0.0009990232305719935,7549,,,,,,,,,,,,,,,,,,,,
99,,7549,,,,,,,,,,,0.4480203688144684,,,,,,,,,
,0.0009990232305719935,7599,,,,,,,,,,,,,,,,,,,,
99,,7599,,,,,,,,,,,0.4777997136116028,,,,,,,,,
99,,7599,,,,,,,,,,,,0.18294702470302582,0.5894039869308472,0.6895695328712463,0.4478476941585541,0.09099385142326355,0.10061182081699371,0.18198667466640472,0.19594669342041016,0.15891359746456146
99,,7599,,,,,,,,,,0.4684995412826538,,,,,,,,,,
,0.0009999999999999992,7649,,,,,,,,,,,,,,,,,,,,
100,,7649,,,,,,,,,,,0.4936443269252777,,,,,,,,,
100,,7675,,,,,,,,,,0.46797797083854675,,,,,,,,,,
,0.0009990232305719935,7699,,,,,,,,,,,,,,,,,,,,
101,,7699,,,,,,,,,,,0.45024824142456055,,,,,,,,,
,0.0009990232305719935,7749,,,,,,,,,,,,,,,,,,,,
101,,7749,,,,,,,,,,,0.4827137291431427,,,,,,,,,
101,,7751,,,,,,,,,,,,0.18543046712875366,0.5852649211883545,0.6879138946533203,0.4602648913860321,0.08608024567365646,0.09752995520830154,0.17744885385036469,0.19187626242637634,0.15710879862308502
101,,7751,,,,,,,,,,0.4666762053966522,,,,,,,,,,
,0.0009960967771506656,7799,,,,,,,,,,,,,,,,,,,,
102,,7799,,,,,,,,,,,0.5173639059066772,,,,,,,,,
102,,7827,,,,,,,,,,0.46655896306037903,,,,,,,,,,
,0.0009912321891106998,7849,,,,,,,,,,,,,,,,,,,,
103,,7849,,,,,,,,,,,0.4625741243362427,,,,,,,,,
,0.0009912321891106998,7899,,,,,,,,,,,,,,,,,,,,
103,,7899,,,,,,,,,,,0.4763956665992737,,,,,,,,,
103,,7903,,,,,,,,,,,,0.19039735198020935,0.5844370722770691,0.690397322177887,0.44536423683166504,0.08507810533046722,0.0983477234840393,0.1763683259487152,0.1911521852016449,0.153665229678154
103,,7903,,,,,,,,,,0.4660467207431793,,,,,,,,,,
,0.0009844486647586713,7949,,,,,,,,,,,,,,,,,,,,
104,,7949,,,,,,,,,,,0.4535961449146271,,,,,,,,,
104,,7979,,,,,,,,,,0.46488291025161743,,,,,,,,,,
,0.0009757729755661,7999,,,,,,,,,,,,,,,,,,,,
105,,7999,,,,,,,,,,,0.4749184548854828,,,,,,,,,
,0.0009757729755661,8049,,,,,,,,,,,,,,,,,,,,
105,,8049,,,,,,,,,,,0.4783047139644623,,,,,,,,,
105,,8055,,,,,,,,,,,,0.1763245016336441,0.5844370722770691,0.6945364475250244,0.45695364475250244,0.08392555266618729,0.0938345342874527,0.17541095614433289,0.19080667197704315,0.15466810762882233
105,,8055,,,,,,,,,,0.4648333787918091,,,,,,,,,,
,0.0009652393605146834,8099,,,,,,,,,,,,,,,,,,,,
106,,8099,,,,,,,,,,,0.47752225399017334,,,,,,,,,
106,,8131,,,,,,,,,,0.4632853865623474,,,,,,,,,,
,0.0009528893909706787,8149,,,,,,,,,,,,,,,,,,,,
107,,8149,,,,,,,,,,,0.5085986852645874,,,,,,,,,
,0.0009528893909706787,8199,,,,,,,,,,,,,,,,,,,,
107,,8199,,,,,,,,,,,0.4849171042442322,,,,,,,,,
107,,8207,,,,,,,,,,,,0.19039735198020935,0.5918874144554138,0.6970198750495911,0.4610927104949951,0.08443398028612137,0.0977330282330513,0.17753848433494568,0.19228465855121613,0.15628942847251892
107,,8207,,,,,,,,,,0.4631292521953583,,,,,,,,,,
,0.0009387718066217116,8249,,,,,,,,,,,,,,,,,,,,
108,,8249,,,,,,,,,,,0.4623848795890808,,,,,,,,,
108,,8283,,,,,,,,,,0.4626210331916809,,,,,,,,,,
,0.0009229423231234967,8299,,,,,,,,,,,,,,,,,,,,
109,,8299,,,,,,,,,,,0.4834606349468231,,,,,,,,,
,0.0009229423231234967,8349,,,,,,,,,,,,,,,,,,,,
109,,8349,,,,,,,,,,,0.4463554620742798,,,,,,,,,
109,,8359,,,,,,,,,,,,0.1928807944059372,0.5852649211883545,0.6928808093070984,0.46192052960395813,0.08947301656007767,0.10231830179691315,0.18056775629520416,0.19566430151462555,0.1605605036020279
109,,8359,,,,,,,,,,0.46154844760894775,,,,,,,,,,
,0.0009054634122155979,8399,,,,,,,,,,,,,,,,,,,,
110,,8399,,,,,,,,,,,0.4881601333618164,,,,,,,,,
110,,8435,,,,,,,,,,0.4607783854007721,,,,,,,,,,
,0.0008864040551740146,8449,,,,,,,,,,,,,,,,,,,,
111,,8449,,,,,,,,,,,0.44237107038497925,,,,,,,,,
,0.0008864040551740146,8499,,,,,,,,,,,,,,,,,,,,
111,,8499,,,,,,,,,,,0.4421517550945282,,,,,,,,,
111,,8511,,,,,,,,,,,,0.1870860904455185,0.5927152037620544,0.6928808093070984,0.45115894079208374,0.08479215949773788,0.09731942415237427,0.17720530927181244,0.1911790668964386,0.15428782999515533
111,,8511,,,,,,,,,,0.4605811834335327,,,,,,,,,,
,0.0008658394705735977,8549,,,,,,,,,,,,,,,,,,,,
112,,8549,,,,,,,,,,,0.45320674777030945,,,,,,,,,
112,,8587,,,,,,,,,,0.46002620458602905,,,,,,,,,,
,0.0008438508174347002,8599,,,,,,,,,,,,,,,,,,,,
113,,8599,,,,,,,,,,,0.4435037672519684,,,,,,,,,
,0.0008438508174347002,8649,,,,,,,,,,,,,,,,,,,,
113,,8649,,,,,,,,,,,0.4891933500766754,,,,,,,,,
113,,8663,,,,,,,,,,,,0.1928807944059372,0.5852649211883545,0.6912251710891724,0.45860928297042847,0.08252988010644913,0.09690741449594498,0.17497693002223969,0.18985076248645782,0.15439344942569733
113,,8663,,,,,,,,,,0.45850270986557007,,,,,,,,,,
,0.0008205248749256007,8699,,,,,,,,,,,,,,,,,,,,
114,,8699,,,,,,,,,,,0.4235121011734009,,,,,,,,,
114,,8739,,,,,,,,,,0.4580288231372833,,,,,,,,,,
,0.0007959536998847731,8749,,,,,,,,,,,,,,,,,,,,
115,,8749,,,,,,,,,,,0.4650810956954956,,,,,,,,,
,0.0007959536998847731,8799,,,,,,,,,,,,,,,,,,,,
115,,8799,,,,,,,,,,,0.4730425179004669,,,,,,,,,
115,,8815,,,,,,,,,,,,0.18625827133655548,0.5819536447525024,0.695364236831665,0.45281457901000977,0.08902008086442947,0.09995782375335693,0.17947959899902344,0.19538584351539612,0.1584208756685257
115,,8815,,,,,,,,,,0.45675912499427795,,,,,,,,,,
,0.0007702342635146026,8849,,,,,,,,,,,,,,,,,,,,
116,,8849,,,,,,,,,,,0.46223577857017517,,,,,,,,,
116,,8891,,,,,,,,,,0.4566260874271393,,,,,,,,,,
,0.0007434680686803485,8899,,,,,,,,,,,,,,,,,,,,
117,,8899,,,,,,,,,,,0.46955034136772156,,,,,,,,,
,0.0007434680686803485,8949,,,,,,,,,,,,,,,,,,,,
117,,8949,,,,,,,,,,,0.4372016489505768,,,,,,,,,
117,,8967,,,,,,,,,,,,0.19784767925739288,0.5894039869308472,0.7003311514854431,0.45612582564353943,0.08670374751091003,0.10143470019102097,0.1788770705461502,0.19437016546726227,0.15731291472911835
117,,8967,,,,,,,,,,0.45562487840652466,,,,,,,,,,
,0.0007157607493247105,8999,,,,,,,,,,,,,,,,,,,,
118,,8999,,,,,,,,,,,0.4299606680870056,,,,,,,,,
118,,9043,,,,,,,,,,0.45501402020454407,,,,,,,,,,
,0.0006872216535789154,9049,,,,,,,,,,,,,,,,,,,,
119,,9049,,,,,,,,,,,0.4261159896850586,,,,,,,,,
,0.0006872216535789154,9099,,,,,,,,,,,,,,,,,,,,
119,,9099,,,,,,,,,,,0.44024577736854553,,,,,,,,,
119,,9119,,,,,,,,,,,,0.18460264801979065,0.5836092829704285,0.693708598613739,0.45281457901000977,0.08654212206602097,0.09784898906946182,0.17783932387828827,0.19333457946777344,0.15653175115585327
119,,9119,,,,,,,,,,0.454458624124527,,,,,,,,,,
,0.0006579634122155989,9149,,,,,,,,,,,,,,,,,,,,
120,,9149,,,,,,,,,,,0.4603293240070343,,,,,,,,,
120,,9195,,,,,,,,,,0.4533175528049469,,,,,,,,,,
,0.0006281014941466024,9199,,,,,,,,,,,,,,,,,,,,
121,,9199,,,,,,,,,,,0.4280834496021271,,,,,,,,,
,0.0006281014941466024,9249,,,,,,,,,,,,,,,,,,,,
121,,9249,,,,,,,,,,,0.4608410894870758,,,,,,,,,
121,,9271,,,,,,,,,,,,0.18956953287124634,0.5960264801979065,0.6945364475250244,0.4652317762374878,0.08849150687456131,0.10035382211208344,0.1814870536327362,0.19532690942287445,0.16029345989227295
121,,9271,,,,,,,,,,0.45296892523765564,,,,,,,,,,
,0.0005977537507199332,9299,,,,,,,,,,,,,,,,,,,,
122,,9299,,,,,,,,,,,0.43161576986312866,,,,,,,,,
122,,9347,,,,,,,,,,0.45244938135147095,,,,,,,,,,
,0.0005670399506143303,9349,,,,,,,,,,,,,,,,,,,,
123,,9349,,,,,,,,,,,0.4323483109474182,,,,,,,,,
,0.0005670399506143303,9399,,,,,,,,,,,,,,,,,,,,
123,,9399,,,,,,,,,,,0.44235897064208984,,,,,,,,,
123,,9423,,,,,,,,,,,,0.19039735198020935,0.5902317762374878,0.6895695328712463,0.46357616782188416,0.09117041528224945,0.10300399363040924,0.18249565362930298,0.19648553431034088,0.1620832085609436
123,,9423,,,,,,,,,,0.4511845111846924,,,,,,,,,,
,0.00053608130716701,9449,,,,,,,,,,,,,,,,,,,,
124,,9449,,,,,,,,,,,0.4172515571117401,,,,,,,,,
,0.00053608130716701,9499,,,,,,,,,,,,,,,,,,,,
124,,9499,,,,,,,,,,,0.4211040437221527,,,,,,,,,
124,,9499,,,,,,,,,,0.45075371861457825,,,,,,,,,,
,0.0005050000000000001,9549,,,,,,,,,,,,,,,,,,,,
125,,9549,,,,,,,,,,,0.4285474717617035,,,,,,,,,
125,,9575,,,,,,,,,,,,0.18625827133655548,0.5869205594062805,0.7011589407920837,0.46357616782188416,0.0904274582862854,0.1012425571680069,0.18114522099494934,0.19710072875022888,0.16119521856307983
125,,9575,,,,,,,,,,0.449602335691452,,,,,,,,,,
,0.0004739186928329894,9599,,,,,,,,,,,,,,,,,,,,
126,,9599,,,,,,,,,,,0.48914408683776855,,,,,,,,,
,0.0004739186928329894,9649,,,,,,,,,,,,,,,,,,,,
126,,9649,,,,,,,,,,,0.4230753183364868,,,,,,,,,
126,,9651,,,,,,,,,,0.44938501715660095,,,,,,,,,,
,0.0004429600493856691,9699,,,,,,,,,,,,,,,,,,,,
127,,9699,,,,,,,,,,,0.46065691113471985,,,,,,,,,
127,,9727,,,,,,,,,,,,0.19122517108917236,0.5869205594062805,0.6945364475250244,0.4552980065345764,0.09165145456790924,0.10339666157960892,0.18234069645404816,0.19743026793003082,0.16101478040218353
127,,9727,,,,,,,,,,0.4482007920742035,,,,,,,,,,
,0.0004122462492800658,9749,,,,,,,,,,,,,,,,,,,,
128,,9749,,,,,,,,,,,0.4486701190471649,,,,,,,,,
,0.0004122462492800658,9799,,,,,,,,,,,,,,,,,,,,
128,,9799,,,,,,,,,,,0.43083176016807556,,,,,,,,,
128,,9803,,,,,,,,,,0.4480535387992859,,,,,,,,,,
,0.00038189850585339653,9849,,,,,,,,,,,,,,,,,,,,
129,,9849,,,,,,,,,,,0.44858479499816895,,,,,,,,,
129,,9879,,,,,,,,,,,,0.18625827133655548,0.5860927104949951,0.692052960395813,0.46192052960395813,0.08839014172554016,0.09935405105352402,0.1796179711818695,0.19447289407253265,0.15953300893306732
129,,9879,,,,,,,,,,0.44772446155548096,,,,,,,,,,
,0.0003520365877844009,9899,,,,,,,,,,,,,,,,,,,,
130,,9899,,,,,,,,,,,0.4535748362541199,,,,,,,,,
,0.0003520365877844009,9949,,,,,,,,,,,,,,,,,,,,
130,,9949,,,,,,,,,,,0.41241124272346497,,,,,,,,,
130,,9955,,,,,,,,,,0.44624635577201843,,,,,,,,,,
,0.00032277834642108455,9999,,,,,,,,,,,,,,,,,,,,
131,,9999,,,,,,,,,,,0.4107717275619507,,,,,,,,,
131,,10031,,,,,,,,,,,,0.19122517108917236,0.5918874144554138,0.692052960395813,0.4602648913860321,0.09010541439056396,0.10232739895582199,0.18193860352039337,0.19597840309143066,0.16070961952209473
131,,10031,,,,,,,,,,0.44648560881614685,,,,,,,,,,
,0.0002942392506752885,10049,,,,,,,,,,,,,,,,,,,,
132,,10049,,,,,,,,,,,0.4244025647640228,,,,,,,,,
,0.0002942392506752885,10099,,,,,,,,,,,,,,,,,,,,
132,,10099,,,,,,,,,,,0.43829989433288574,,,,,,,,,
132,,10107,,,,,,,,,,0.44614389538764954,,,,,,,,,,
,0.00026653193131965055,10149,,,,,,,,,,,,,,,,,,,,
133,,10149,,,,,,,,,,,0.45317158102989197,,,,,,,,,
133,,10183,,,,,,,,,,,,0.18377482891082764,0.5869205594062805,0.6978476643562317,0.4594370722770691,0.0860452875494957,0.09704163670539856,0.1780284345149994,0.19356870651245117,0.1573552042245865
133,,10183,,,,,,,,,,0.4448176920413971,,,,,,,,,,
,0.00023976573648539642,10199,,,,,,,,,,,,,,,,,,,,
134,,10199,,,,,,,,,,,0.4772619307041168,,,,,,,,,
,0.00023976573648539642,10249,,,,,,,,,,,,,,,,,,,,
134,,10249,,,,,,,,,,,0.46325311064720154,,,,,,,,,
134,,10259,,,,,,,,,,0.4437004327774048,,,,,,,,,,
,0.0002140463001152257,10299,,,,,,,,,,,,,,,,,,,,
135,,10299,,,,,,,,,,,0.4456132650375366,,,,,,,,,
135,,10335,,,,,,,,,,,,0.19205297529697418,0.5885761380195618,0.6945364475250244,0.45612582564353943,0.0874091237783432,0.10037297755479813,0.17932169139385223,0.19417314231395721,0.15786482393741608
135,,10335,,,,,,,,,,0.4434525966644287,,,,,,,,,,
,0.000189475125074398,10349,,,,,,,,,,,,,,,,,,,,
136,,10349,,,,,,,,,,,0.4170513153076172,,,,,,,,,
,0.000189475125074398,10399,,,,,,,,,,,,,,,,,,,,
136,,10399,,,,,,,,,,,0.4349709153175354,,,,,,,,,
136,,10411,,,,,,,,,,0.44250139594078064,,,,,,,,,,
,0.00016614918256529872,10449,,,,,,,,,,,,,,,,,,,,
137,,10449,,,,,,,,,,,0.4299248456954956,,,,,,,,,
137,,10487,,,,,,,,,,,,0.18956953287124634,0.5902317762374878,0.6978476643562317,0.46274834871292114,0.08677691221237183,0.09916158765554428,0.17913483083248138,0.1941877007484436,0.15854068100452423
137,,10487,,,,,,,,,,0.4424557089805603,,,,,,,,,,
,0.00014416052942640105,10499,,,,,,,,,,,,,,,,,,,,
138,,10499,,,,,,,,,,,0.44867998361587524,,,,,,,,,
,0.00014416052942640105,10549,,,,,,,,,,,,,,,,,,,,
138,,10549,,,,,,,,,,,0.44786471128463745,,,,,,,,,
138,,10563,,,,,,,,,,0.4420703053474426,,,,,,,,,,
,0.0001235959448259842,10599,,,,,,,,,,,,,,,,,,,,
139,,10599,,,,,,,,,,,0.44887229800224304,,,,,,,,,
139,,10639,,,,,,,,,,,,0.19205297529697418,0.5869205594062805,0.6970198750495911,0.46192052960395813,0.08929286152124405,0.10175719112157822,0.1805974245071411,0.1960276961326599,0.16035030782222748
139,,10639,,,,,,,,,,0.4416307508945465,,,,,,,,,,
,0.00010453658778440103,10649,,,,,,,,,,,,,,,,,,,,
140,,10649,,,,,,,,,,,0.42579561471939087,,,,,,,,,
,0.00010453658778440103,10699,,,,,,,,,,,,,,,,,,,,
140,,10699,,,,,,,,,,,0.39793556928634644,,,,,,,,,
140,,10715,,,,,,,,,,0.4415382146835327,,,,,,,,,,
,8.705767687650263e-05,10749,,,,,,,,,,,,,,,,,,,,
141,,10749,,,,,,,,,,,0.43440982699394226,,,,,,,,,
141,,10791,,,,,,,,,,,,0.1937086135149002,0.5910596251487732,0.693708598613739,0.46274834871292114,0.0878693014383316,0.10110148042440414,0.18012821674346924,0.19450822472572327,0.15938764810562134
141,,10791,,,,,,,,,,0.44130298495292664,,,,,,,,,,
,7.12281933782873e-05,10799,,,,,,,,,,,,,,,,,,,,
142,,10799,,,,,,,,,,,0.45061251521110535,,,,,,,,,
,7.12281933782873e-05,10849,,,,,,,,,,,,,,,,,,,,
142,,10849,,,,,,,,,,,0.45546960830688477,,,,,,,,,
142,,10867,,,,,,,,,,0.4403294324874878,,,,,,,,,,
,5.711060902932021e-05,10899,,,,,,,,,,,,,,,,,,,,
143,,10899,,,,,,,,,,,0.43207886815071106,,,,,,,,,
143,,10943,,,,,,,,,,,,0.19536423683166504,0.5877483487129211,0.6928808093070984,0.4610927104949951,0.08826321363449097,0.10186346620321274,0.1799793690443039,0.19475023448467255,0.1594221293926239
143,,10943,,,,,,,,,,0.4399990141391754,,,,,,,,,,
,4.4760639485315496e-05,10949,,,,,,,,,,,,,,,,,,,,
144,,10949,,,,,,,,,,,0.4215996265411377,,,,,,,,,
,4.4760639485315496e-05,10999,,,,,,,,,,,,,,,,,,,,
144,,10999,,,,,,,,,,,0.451901376247406,,,,,,,,,
144,,11019,,,,,,,,,,0.4401548206806183,,,,,,,,,,
,3.422702443389903e-05,11049,,,,,,,,,,,,,,,,,,,,
145,,11049,,,,,,,,,,,0.4194316565990448,,,,,,,,,
145,,11095,,,,,,,,,,,,0.19122517108917236,0.5877483487129211,0.6945364475250244,0.46192052960395813,0.08800467103719711,0.10049714893102646,0.17973381280899048,0.19472281634807587,0.15932536125183105
145,,11095,,,,,,,,,,0.44005048274993896,,,,,,,,,,
,2.555133524132766e-05,11099,,,,,,,,,,,,,,,,,,,,
146,,11099,,,,,,,,,,,0.45756208896636963,,,,,,,,,
,2.555133524132766e-05,11149,,,,,,,,,,,,,,,,,,,,
146,,11149,,,,,,,,,,,0.44756224751472473,,,,,,,,,
146,,11171,,,,,,,,,,0.4397519826889038,,,,,,,,,,
,1.876781088929902e-05,11199,,,,,,,,,,,,,,,,,,,,
147,,11199,,,,,,,,,,,0.45350411534309387,,,,,,,,,
147,,11247,,,,,,,,,,,,0.19122517108917236,0.5902317762374878,0.6945364475250244,0.46440398693084717,0.0880139172077179,0.10049352794885635,0.18013745546340942,0.19475197792053223,0.15979789197444916
147,,11247,,,,,,,,,,0.4395887851715088,,,,,,,,,,
,1.390322284933345e-05,11249,,,,,,,,,,,,,,,,,,,,
148,,11249,,,,,,,,,,,0.4706818461418152,,,,,,,,,
,1.390322284933345e-05,11299,,,,,,,,,,,,,,,,,,,,
148,,11299,,,,,,,,,,,0.4767504632472992,,,,,,,,,
148,,11323,,,,,,,,,,0.4393804669380188,,,,,,,,,,
,1.0976769428005579e-05,11349,,,,,,,,,,,,,,,,,,,,
149,,11349,,,,,,,,,,,0.4327290654182434,,,,,,,,,
,1.0976769428005579e-05,11399,,,,,,,,,,,,,,,,,,,,
149,,11399,,,,,,,,,,,0.4258817434310913,,,,,,,,,
149,,11399,,,,,,,,,,,,0.1928807944059372,0.5943708419799805,0.6945364475250244,0.46440398693084717,0.08823003619909286,0.10112418979406357,0.1809101700782776,0.1949077993631363,0.1599455028772354
149,,11399,,,,,,,,,,0.43948864936828613,,,,,,,,,,
,1e-05,11449,,,,,,,,,,,,,,,,,,,,
150,,11449,,,,,,,,,,,0.4534724950790405,,,,,,,,,
150,,11475,,,,,,,,,,0.43930956721305847,,,,,,,,,,
,1.0976769428005579e-05,11499,,,,,,,,,,,,,,,,,,,,
151,,11499,,,,,,,,,,,0.42564669251441956,,,,,,,,,
,1.0976769428005579e-05,11549,,,,,,,,,,,,,,,,,,,,
151,,11549,,,,,,,,,,,0.4521563947200775,,,,,,,,,
151,,11551,,,,,,,,,,,,0.19039735198020935,0.5910596251487732,0.693708598613739,0.46357616782188416,0.0888131633400917,0.10084332525730133,0.18085503578186035,0.19523705542087555,0.1602543741464615
151,,11551,,,,,,,,,,0.43925657868385315,,,,,,,,,,
,1.3903222849333397e-05,11599,,,,,,,,,,,,,,,,,,,,
152,,11599,,,,,,,,,,,0.43112751841545105,,,,,,,,,
152,,11627,,,,,,,,,,0.43867331743240356,,,,,,,,,,
,1.8767810889299137e-05,11649,,,,,,,,,,,,,,,,,,,,
153,,11649,,,,,,,,,,,0.41361841559410095,,,,,,,,,
,1.8767810889299137e-05,11699,,,,,,,,,,,,,,,,,,,,
153,,11699,,,,,,,,,,,0.4667554199695587,,,,,,,,,
153,,11703,,,,,,,,,,,,0.18956953287124634,0.5927152037620544,0.693708598613739,0.46357616782188416,0.08762361854314804,0.09974224120378494,0.1802278459072113,0.19437038898468018,0.15937277674674988
153,,11703,,,,,,,,,,0.4386957287788391,,,,,,,,,,
,2.555133524132761e-05,11749,,,,,,,,,,,,,,,,,,,,
154,,11749,,,,,,,,,,,0.47279027104377747,,,,,,,,,
154,,11779,,,,,,,,,,0.4394606947898865,,,,,,,,,,
,3.422702443389894e-05,11799,,,,,,,,,,,,,,,,,,,,
155,,11799,,,,,,,,,,,0.41336753964424133,,,,,,,,,
,3.422702443389894e-05,11849,,,,,,,,,,,,,,,,,,,,
155,,11849,,,,,,,,,,,0.46359556913375854,,,,,,,,,
155,,11855,,,,,,,,,,,,0.19453641772270203,0.5927152037620544,0.6928808093070984,0.46192052960395813,0.08736900240182877,0.10088471323251724,0.1801384687423706,0.19417168200016022,0.15897752344608307
155,,11855,,,,,,,,,,0.4392313063144684,,,,,,,,,,
,4.476063948531541e-05,11899,,,,,,,,,,,,,,,,,,,,
156,,11899,,,,,,,,,,,0.432371586561203,,,,,,,,,
156,,11931,,,,,,,,,,0.4398851692676544,,,,,,,,,,
,5.711060902932007e-05,11949,,,,,,,,,,,,,,,,,,,,
157,,11949,,,,,,,,,,,0.44254276156425476,,,,,,,,,
,5.711060902932007e-05,11999,,,,,,,,,,,,,,,,,,,,
157,,11999,,,,,,,,,,,0.43562835454940796,,,,,,,,,
157,,12007,,,,,,,,,,,,0.19453641772270203,0.5902317762374878,0.6945364475250244,0.4594370722770691,0.08735371381044388,0.10097859799861908,0.17972999811172485,0.19434651732444763,0.15852990746498108
157,,12007,,,,,,,,,,0.44016361236572266,,,,,,,,,,
,7.122819337828756e-05,12049,,,,,,,,,,,,,,,,,,,,
158,,12049,,,,,,,,,,,0.4449443519115448,,,,,,,,,
158,,12083,,,,,,,,,,0.4400942921638489,,,,,,,,,,
,8.705767687650251e-05,12099,,,,,,,,,,,,,,,,,,,,
159,,12099,,,,,,,,,,,0.42516615986824036,,,,,,,,,
,8.705767687650251e-05,12149,,,,,,,,,,,,,,,,,,,,
159,,12149,,,,,,,,,,,0.40926393866539,,,,,,,,,
159,,12159,,,,,,,,,,,,0.19701986014842987,0.5877483487129211,0.693708598613739,0.4602648913860321,0.08677232265472412,0.10119610279798508,0.1787649393081665,0.193640798330307,0.1580704003572464
159,,12159,,,,,,,,,,0.4400976300239563,,,,,,,,,,
,0.00010453658778440087,12199,,,,,,,,,,,,,,,,,,,,
160,,12199,,,,,,,,,,,0.4425630271434784,,,,,,,,,
160,,12235,,,,,,,,,,0.44088077545166016,,,,,,,,,,
,0.00012359594482598405,12249,,,,,,,,,,,,,,,,,,,,
161,,12249,,,,,,,,,,,0.4042128324508667,,,,,,,,,
,0.00012359594482598405,12299,,,,,,,,,,,,,,,,,,,,
161,,12299,,,,,,,,,,,0.4459664821624756,,,,,,,,,
161,,12311,,,,,,,,,,,,0.19039735198020935,0.5902317762374878,0.690397322177887,0.46274834871292114,0.08722922950983047,0.09967413544654846,0.17944467067718506,0.19349230825901031,0.15883326530456543
161,,12311,,,,,,,,,,0.4412691593170166,,,,,,,,,,
,0.00014416052942640083,12349,,,,,,,,,,,,,,,,,,,,
162,,12349,,,,,,,,,,,0.47225871682167053,,,,,,,,,
162,,12387,,,,,,,,,,0.44139695167541504,,,,,,,,,,
,0.00016614918256529853,12399,,,,,,,,,,,,,,,,,,,,
163,,12399,,,,,,,,,,,0.4228364825248718,,,,,,,,,
,0.00016614918256529853,12449,,,,,,,,,,,,,,,,,,,,
163,,12449,,,,,,,,,,,0.4265078604221344,,,,,,,,,
163,,12463,,,,,,,,,,,,0.1937086135149002,0.5918874144554138,0.6928808093070984,0.46274834871292114,0.08655530959367752,0.09988924860954285,0.17925499379634857,0.19338750839233398,0.15838055312633514
163,,12463,,,,,,,,,,0.4420199990272522,,,,,,,,,,
,0.00018947512507439787,12499,,,,,,,,,,,,,,,,,,,,
164,,12499,,,,,,,,,,,0.43067577481269836,,,,,,,,,
164,,12539,,,,,,,,,,0.442304790019989,,,,,,,,,,
,0.00021404630011522487,12549,,,,,,,,,,,,,,,,,,,,
165,,12549,,,,,,,,,,,0.42003029584884644,,,,,,,,,
,0.00021404630011522487,12599,,,,,,,,,,,,,,,,,,,,
165,,12599,,,,,,,,,,,0.44931522011756897,,,,,,,,,
165,,12615,,,,,,,,,,,,0.19701986014842987,0.5894039869308472,0.690397322177887,0.45778146386146545,0.08673599362373352,0.10095199197530746,0.17922373116016388,0.1934303194284439,0.1578036993741989
165,,12615,,,,,,,,,,0.44283679127693176,,,,,,,,,,
,0.00023976573648539702,12649,,,,,,,,,,,,,,,,,,,,
166,,12649,,,,,,,,,,,0.42528995871543884,,,,,,,,,
166,,12691,,,,,,,,,,0.4426461458206177,,,,,,,,,,
,0.0002665319313196511,12699,,,,,,,,,,,,,,,,,,,,
167,,12699,,,,,,,,,,,0.4256182014942169,,,,,,,,,
,0.0002665319313196511,12749,,,,,,,,,,,,,,,,,,,,
167,,12749,,,,,,,,,,,0.43888840079307556,,,,,,,,,
167,,12767,,,,,,,,,,,,0.19205297529697418,0.5844370722770691,0.6995033025741577,0.45860928297042847,0.08687835931777954,0.09964873641729355,0.1783563792705536,0.19444593787193298,0.15793132781982422
167,,12767,,,,,,,,,,0.44384461641311646,,,,,,,,,,
,0.000294239250675289,12799,,,,,,,,,,,,,,,,,,,,
168,,12799,,,,,,,,,,,0.4582727551460266,,,,,,,,,
168,,12843,,,,,,,,,,0.44351914525032043,,,,,,,,,,
,0.0003227783464210843,12849,,,,,,,,,,,,,,,,,,,,
169,,12849,,,,,,,,,,,0.4212375283241272,,,,,,,,,
,0.0003227783464210843,12899,,,,,,,,,,,,,,,,,,,,
169,,12899,,,,,,,,,,,0.43682730197906494,,,,,,,,,
169,,12919,,,,,,,,,,,,0.18874172866344452,0.5794702172279358,0.7011589407920837,0.45778146386146545,0.08734533190727234,0.09925781935453415,0.17813143134117126,0.1952168196439743,0.15836182236671448
169,,12919,,,,,,,,,,0.444140762090683,,,,,,,,,,
,0.0003520365877844007,12949,,,,,,,,,,,,,,,,,,,,
170,,12949,,,,,,,,,,,0.4487183094024658,,,,,,,,,
170,,12995,,,,,,,,,,0.44568321108818054,,,,,,,,,,
,0.0003818985058533964,12999,,,,,,,,,,,,,,,,,,,,
171,,12999,,,,,,,,,,,0.4146389067173004,,,,,,,,,
,0.0003818985058533964,13049,,,,,,,,,,,,,,,,,,,,
171,,13049,,,,,,,,,,,0.43850210309028625,,,,,,,,,
171,,13071,,,,,,,,,,,,0.19536423683166504,0.5869205594062805,0.6978476643562317,0.46440398693084717,0.08767308294773102,0.1012679934501648,0.17933949828147888,0.1948922723531723,0.1594822108745575
171,,13071,,,,,,,,,,0.4452410638332367,,,,,,,,,,
,0.0004122462492800657,13099,,,,,,,,,,,,,,,,,,,,
172,,13099,,,,,,,,,,,0.47857603430747986,,,,,,,,,
172,,13147,,,,,,,,,,0.4462985694408417,,,,,,,,,,
,0.0004429600493856686,13149,,,,,,,,,,,,,,,,,,,,
173,,13149,,,,,,,,,,,0.4334312379360199,,,,,,,,,
,0.0004429600493856686,13199,,,,,,,,,,,,,,,,,,,,
173,,13199,,,,,,,,,,,0.43769964575767517,,,,,,,,,
173,,13223,,,,,,,,,,,,0.1879139095544815,0.5902317762374878,0.6995033025741577,0.4652317762374878,0.08653464913368225,0.09849334508180618,0.17904897034168243,0.1943008005619049,0.15879392623901367
173,,13223,,,,,,,,,,0.4464428722858429,,,,,,,,,,
,0.00047391869283298883,13249,,,,,,,,,,,,,,,,,,,,
174,,13249,,,,,,,,,,,0.45754894614219666,,,,,,,,,
,0.00047391869283298883,13299,,,,,,,,,,,,,,,,,,,,
174,,13299,,,,,,,,,,,0.438240110874176,,,,,,,,,
174,,13299,,,,,,,,,,0.44625091552734375,,,,,,,,,,
,0.0005049999999999987,13349,,,,,,,,,,,,,,,,,,,,
175,,13349,,,,,,,,,,,0.45135167241096497,,,,,,,,,
175,,13375,,,,,,,,,,,,0.18543046712875366,0.5844370722770691,0.7003311514854431,0.45778146386146545,0.08809491991996765,0.09920449554920197,0.17883090674877167,0.19511084258556366,0.15835633873939514
175,,13375,,,,,,,,,,0.44803351163864136,,,,,,,,,,
,0.0005360813071670096,13399,,,,,,,,,,,,,,,,,,,,
176,,13399,,,,,,,,,,,0.44524165987968445,,,,,,,,,
,0.0005360813071670096,13449,,,,,,,,,,,,,,,,,,,,
176,,13449,,,,,,,,,,,0.4542583227157593,,,,,,,,,
176,,13451,,,,,,,,,,0.4474596381187439,,,,,,,,,,
,0.0005670399506143308,13499,,,,,,,,,,,,,,,,,,,,
177,,13499,,,,,,,,,,,0.43214911222457886,,,,,,,,,
177,,13527,,,,,,,,,,,,0.19453641772270203,0.5836092829704285,0.6970198750495911,0.4552980065345764,0.08740806579589844,0.10108468681573868,0.17875003814697266,0.19468559324741364,0.15783321857452393
177,,13527,,,,,,,,,,0.4485630691051483,,,,,,,,,,
,0.0005977537507199336,13549,,,,,,,,,,,,,,,,,,,,
178,,13549,,,,,,,,,,,0.44137874245643616,,,,,,,,,
,0.0005977537507199336,13599,,,,,,,,,,,,,,,,,,,,
178,,13599,,,,,,,,,,,0.44189485907554626,,,,,,,,,
178,,13603,,,,,,,,,,0.44934502243995667,,,,,,,,,,
,0.0006281014941466028,13649,,,,,,,,,,,,,,,,,,,,
179,,13649,,,,,,,,,,,0.46175095438957214,,,,,,,,,
179,,13679,,,,,,,,,,,,0.19453641772270203,0.5802980065345764,0.6912251710891724,0.4544701874256134,0.08543448150157928,0.09983751177787781,0.17638038098812103,0.1919824331998825,0.15590336918830872
179,,13679,,,,,,,,,,0.4502318501472473,,,,,,,,,,
,0.0006579634122155985,13699,,,,,,,,,,,,,,,,,,,,
180,,13699,,,,,,,,,,,0.4493432343006134,,,,,,,,,
,0.0006579634122155985,13749,,,,,,,,,,,,,,,,,,,,
180,,13749,,,,,,,,,,,0.4419150650501251,,,,,,,,,
180,,13755,,,,,,,,,,0.45028990507125854,,,,,,,,,,
,0.000687221653578915,13799,,,,,,,,,,,,,,,,,,,,
181,,13799,,,,,,,,,,,0.41578996181488037,,,,,,,,,
181,,13831,,,,,,,,,,,,0.18874172866344452,0.5927152037620544,0.693708598613739,0.4610927104949951,0.0847124457359314,0.09721647202968597,0.17799121141433716,0.19206945598125458,0.15660274028778076
181,,13831,,,,,,,,,,0.45104414224624634,,,,,,,,,,
,0.0007157607493247102,13849,,,,,,,,,,,,,,,,,,,,
182,,13849,,,,,,,,,,,0.4298754334449768,,,,,,,,,
,0.0007157607493247102,13899,,,,,,,,,,,,,,,,,,,,
182,,13899,,,,,,,,,,,0.5191184878349304,,,,,,,,,
182,,13907,,,,,,,,,,0.45127010345458984,,,,,,,,,,
,0.0007434680686803483,13949,,,,,,,,,,,,,,,,,,,,
183,,13949,,,,,,,,,,,0.45752090215682983,,,,,,,,,
183,,13983,,,,,,,,,,,,0.18294702470302582,0.5860927104949951,0.695364236831665,0.46854305267333984,0.08765643835067749,0.09815935045480728,0.17901331186294556,0.19432225823402405,0.1598932147026062
183,,13983,,,,,,,,,,0.45183730125427246,,,,,,,,,,
,0.0007702342635146025,13999,,,,,,,,,,,,,,,,,,,,
184,,13999,,,,,,,,,,,0.4782080054283142,,,,,,,,,
,0.0007702342635146025,14049,,,,,,,,,,,,,,,,,,,,
184,,14049,,,,,,,,,,,0.48194387555122375,,,,,,,,,
184,,14059,,,,,,,,,,0.45154380798339844,,,,,,,,,,
,0.000795953699884774,14099,,,,,,,,,,,,,,,,,,,,
185,,14099,,,,,,,,,,,0.42401283979415894,,,,,,,,,
185,,14135,,,,,,,,,,,,0.1812913864850998,0.5927152037620544,0.6986755132675171,0.45612582564353943,0.08629588782787323,0.09660400450229645,0.17874331772327423,0.1935412734746933,0.15663973987102509
185,,14135,,,,,,,,,,0.4521273672580719,,,,,,,,,,
,0.000820524874925601,14149,,,,,,,,,,,,,,,,,,,,
186,,14149,,,,,,,,,,,0.44749200344085693,,,,,,,,,
,0.000820524874925601,14199,,,,,,,,,,,,,,,,,,,,
186,,14199,,,,,,,,,,,0.4696202278137207,,,,,,,,,
186,,14211,,,,,,,,,,0.45280298590660095,,,,,,,,,,
,0.0008438508174347011,14249,,,,,,,,,,,,,,,,,,,,
187,,14249,,,,,,,,,,,0.44595974683761597,,,,,,,,,
187,,14287,,,,,,,,,,,,0.1879139095544815,0.5877483487129211,0.6887417435646057,0.46192052960395813,0.088023841381073,0.09968134760856628,0.17988945543766022,0.19411997497081757,0.15949489176273346
187,,14287,,,,,,,,,,0.4529530704021454,,,,,,,,,,
,0.0008658394705735988,14299,,,,,,,,,,,,,,,,,,,,
188,,14299,,,,,,,,,,,0.423404723405838,,,,,,,,,
,0.0008658394705735988,14349,,,,,,,,,,,,,,,,,,,,
188,,14349,,,,,,,,,,,0.4391026794910431,,,,,,,,,
188,,14363,,,,,,,,,,0.45242345333099365,,,,,,,,,,
,0.0008864040551740157,14399,,,,,,,,,,,,,,,,,,,,
189,,14399,,,,,,,,,,,0.4360920488834381,,,,,,,,,
189,,14439,,,,,,,,,,,,0.1821192055940628,0.5885761380195618,0.6928808093070984,0.4536423981189728,0.08672019839286804,0.09704740345478058,0.17858940362930298,0.1932317167520523,0.15667597949504852
189,,14439,,,,,,,,,,0.4528140723705292,,,,,,,,,,
,0.0009054634122155989,14449,,,,,,,,,,,,,,,,,,,,
190,,14449,,,,,,,,,,,0.46000003814697266,,,,,,,,,
,0.0009054634122155989,14499,,,,,,,,,,,,,,,,,,,,
190,,14499,,,,,,,,,,,0.4659663140773773,,,,,,,,,
190,,14515,,,,,,,,,,0.4530336856842041,,,,,,,,,,
,0.0009229423231234973,14549,,,,,,,,,,,,,,,,,,,,
191,,14549,,,,,,,,,,,0.4507042169570923,,,,,,,,,
191,,14591,,,,,,,,,,,,0.18874172866344452,0.5819536447525024,0.6895695328712463,0.45281457901000977,0.08921784907579422,0.10123883932828903,0.17934320867061615,0.19447031617164612,0.15832455456256866
191,,14591,,,,,,,,,,0.4528587758541107,,,,,,,,,,
,0.0009387718066217124,14599,,,,,,,,,,,,,,,,,,,,
192,,14599,,,,,,,,,,,0.4686479866504669,,,,,,,,,
,0.0009387718066217124,14649,,,,,,,,,,,,,,,,,,,,
192,,14649,,,,,,,,,,,0.45725712180137634,,,,,,,,,
192,,14667,,,,,,,,,,0.4527948200702667,,,,,,,,,,
,0.0009528893909706795,14699,,,,,,,,,,,,,,,,,,,,
193,,14699,,,,,,,,,,,0.4517350494861603,,,,,,,,,
193,,14743,,,,,,,,,,,,0.18294702470302582,0.5827814340591431,0.690397322177887,0.444536417722702,0.08360236138105392,0.09551332890987396,0.17487886548042297,0.18998077511787415,0.15229187905788422
193,,14743,,,,,,,,,,0.4527977406978607,,,,,,,,,,
,0.0009652393605146845,14749,,,,,,,,,,,,,,,,,,,,
194,,14749,,,,,,,,,,,0.4729997217655182,,,,,,,,,
,0.0009652393605146845,14799,,,,,,,,,,,,,,,,,,,,
194,,14799,,,,,,,,,,,0.47388285398483276,,,,,,,,,
194,,14819,,,,,,,,,,0.45277485251426697,,,,,,,,,,
,0.0009757729755661011,14849,,,,,,,,,,,,,,,,,,,,
195,,14849,,,,,,,,,,,0.4390351474285126,,,,,,,,,
195,,14895,,,,,,,,,,,,0.17963576316833496,0.5753311514854431,0.692052960395813,0.45695364475250244,0.08753453195095062,0.0970967710018158,0.17719431221485138,0.19360098242759705,0.157957062125206
195,,14895,,,,,,,,,,0.4524526000022888,,,,,,,,,,
,0.0009844486647586726,14899,,,,,,,,,,,,,,,,,,,,
196,,14899,,,,,,,,,,,0.4554402828216553,,,,,,,,,
,0.0009844486647586726,14949,,,,,,,,,,,,,,,,,,,,
196,,14949,,,,,,,,,,,0.4566207528114319,,,,,,,,,
196,,14971,,,,,,,,,,0.4534519910812378,,,,,,,,,,
,0.000991232189110701,14999,,,,,,,,,,,,,,,,,,,,
197,,14999,,,,,,,,,,,0.4252406358718872,,,,,,,,,
197,,15047,,,,,,,,,,,,0.1879139095544815,0.5951986908912659,0.6970198750495911,0.4552980065345764,0.08861833065748215,0.10024290531873703,0.18096423149108887,0.19514179229736328,0.1582571417093277
197,,15047,,,,,,,,,,0.4537668824195862,,,,,,,,,,
,0.0009960967771506667,15049,,,,,,,,,,,,,,,,,,,,
198,,15049,,,,,,,,,,,0.4280255436897278,,,,,,,,,
,0.0009960967771506667,15099,,,,,,,,,,,,,,,,,,,,
198,,15099,,,,,,,,,,,0.4552439749240875,,,,,,,,,
198,,15123,,,,,,,,,,0.45307251811027527,,,,,,,,,,
,0.0009990232305719944,15149,,,,,,,,,,,,,,,,,,,,
199,,15149,,,,,,,,,,,0.44972363114356995,,,,,,,,,
,0.0009990232305719944,15199,,,,,,,,,,,,,,,,,,,,
199,,15199,,,,,,,,,,,0.4774550199508667,,,,,,,,,
199,,15199,,,,,,,,,,,,0.1879139095544815,0.5860927104949951,0.690397322177887,0.4536423981189728,0.08649909496307373,0.09862080961465836,0.17814035713672638,0.19279485940933228,0.15664008259773254
199,,15199,,,,,,,,,,0.4536789059638977,,,,,,,,,,
200,,15200,0.19784767925739288,0.5894039869308472,0.7003311514854431,0.45612582564353943,0.08670374751091003,0.10143470019102097,0.1788770705461502,0.19437016546726227,0.15731291472911835,,,,,,,,,,,
